{
  "base_mean_s": 2.86420569636605,
  "base_p50_s": 2.6240254640579224,
  "adapter_mean_s": 0.43885427713394165,
  "adapter_p50_s": 0.2490605115890503,
  "base_mean_tokens": 69.72727272727273,
  "adapter_mean_tokens": 9,
  "base_tps": 24.34436633365367,
  "adapter_tps": 20.5079464162386
}